<?xml version="1.0" encoding="utf-8" ?>
<dwsync>
<file name="dart.wav" server="abcd.sg/public_html/" local="132040941740271949" remote="132040943400000000" Dst="0" />
<file name="gifzombie.gif" server="abcd.sg/public_html/" local="132040941740687969" remote="132040943400000000" Dst="0" />
<file name="healed.png" server="abcd.sg/public_html/" local="132040941741014105" remote="132040943400000000" Dst="0" />
<file name="human.png" server="abcd.sg/public_html/" local="132040941741334368" remote="132040943400000000" Dst="0" />
<file name="logo.png" server="abcd.sg/public_html/" local="132040941742576655" remote="132040943400000000" Dst="0" />
<file name="playerhit.wav" server="abcd.sg/public_html/" local="132040941743969207" remote="132040943400000000" Dst="0" />
<file name="projectgd.ejss" server="abcd.sg/public_html/" local="132040941744408868" remote="132040943400000000" Dst="0" />
<file name="projectgd.xhtml" server="abcd.sg/public_html/" local="132040942910219104" remote="132040943400000000" Dst="0" />
<file name="projectgd_Contents.xhtml" server="abcd.sg/public_html/" local="132040942892654043" remote="132040943400000000" Dst="0" />
<file name="projectgd_opensocial.xml" server="abcd.sg/public_html/" local="132040941745821884" remote="132040943400000000" Dst="0" />
<file name="projectgd_Simulation.xhtml" server="abcd.sg/public_html/" local="132040942905377375" remote="132040943400000000" Dst="0" />
<file name="bg.png" server="abcd.sg/public_html/" local="132040941739778478" remote="132040943400000000" Dst="0" />
<file name="rawr.wav" server="abcd.sg/public_html/" local="132040941747447202" remote="132040943400000000" Dst="0" />
<file name="syringe.png" server="abcd.sg/public_html/" local="132040941748520453" remote="132040943400000000" Dst="0" />
<file name="tomb.png" server="abcd.sg/public_html/" local="132040941748795682" remote="132040943400000000" Dst="0" />
<file name="loop.wav" server="abcd.sg/public_html/" local="132040941743567719" remote="132040943400000000" Dst="0" />
<file name="yeah.wav" server="abcd.sg/public_html/" local="132040941749147845" remote="132040943400000000" Dst="0" />
<file name="zombie.gif" server="abcd.sg/public_html/" local="132040941749417053" remote="132040943400000000" Dst="0" />
<file name="zombiemiss.wav" server="abcd.sg/public_html/" local="132040941749823425" remote="132040943400000000" Dst="0" />
<file name="zombiespeech.png" server="abcd.sg/public_html/" local="132040941750110984" remote="132040943400000000" Dst="0" />
<file name="start.png" server="abcd.sg/public_html/" local="132040941748131002" remote="132040943400000000" Dst="0" />
<file name="_ejs_README.txt" server="abcd.sg/public_html/" local="132040941767594194" remote="132040943400000000" Dst="0" />
<file name="_metadata.txt" server="abcd.sg/public_html/" local="132040941767980918" remote="132040943400000000" Dst="0" />
<file name="reset.gif" server="abcd.sg/public_html/" local="132040954513476047" remote="132040955400000000" Dst="0" />
</dwsync>