<!-- This XML file has been created by Easy Java(script) Simulations (EjsS). Visit http://www.um.es/fem/Ejs. -->
<!-- Please, save the file to your hard disk on your Ejs' user directory and open it with Ejs. -->
<Osejs version="5.2" password="">
<Osejs.Information>
<Title><![CDATA[]]></Title>
<Copyright><![CDATA[]]></Copyright>
<Keywords><![CDATA[]]></Keywords>
<Password><![CDATA[]]></Password>
<Level><![CDATA[]]></Level>
<Language><![CDATA[]]></Language>
<Abstract><![CDATA[]]></Abstract>
<ExecPassword><![CDATA[]]></ExecPassword>
<CaptureTools>true</CaptureTools>
<DataTools>true</DataTools>
<LanguageTools>true</LanguageTools>
<AppletColSupport>false</AppletColSupport>
<UseMacMenuBar>false</UseMacMenuBar>
<FixedNavigationBar>false</FixedNavigationBar>
<RunInBrowserFirst>false</RunInBrowserFirst>
<RunAlways>true</RunAlways>
<UseInterpreter>true</UseInterpreter>
<UseDeltaForODE>false</UseDeltaForODE>
<ModelTab></ModelTab>
<ModelTabTitle><![CDATA[]]></ModelTabTitle>
<ModelName><![CDATA[]]></ModelName>
<CSSFile></CSSFile>
<StaticImages>
</StaticImages>
<HTMLHead><![CDATA[]]></HTMLHead>
<Logo></Logo>
<Author><![CDATA[Author name]]></Author>
<AuthorLogo></AuthorLogo>
<AdditionalLibraries>
</AdditionalLibraries>
<ImportStatements>
</ImportStatements>
<ClassesRequired>
</ClassesRequired>
<ManifestLines><![CDATA[Permissions: sandbox
Codebase: *
Caller-Allowable-Codebase: *
]]></ManifestLines>
<DetectedFiles><![CDATA[./SheepDog/cabbage.gif;./SheepDog/sheep.gif;]]></DetectedFiles>
<AuxiliaryFiles><![CDATA[]]></AuxiliaryFiles>
</Osejs.Information>
<Osejs.Description>
<Osejs.Description.Page>
<Type>DESCRIPTION_EDITOR</Type>
<Name>Two Dimensional Kinematcis</Name>
<Active>true</Active>
<Internal>false</Internal>
<Content>
<OneHTMLPage>
  <Locale>_default_</Locale>
  <Title>Two Dimensional Kinematcis</Title>
  <External>false</External>
  <![CDATA[
<html>
  <head>
    <style type="text/css">
      <!--
        ﻿ body { margin-top: 2%; margin-right: 3%; margin-bottom: 5%; margin-left: 3%; text-align: justify; font-size: medium; font-family: Georgia, Times New Roman, Times, serif }
        h1 { text-indent: 0px; text-align: left; font-family: Helvetica, Geneva, Arial, SunSans-Regular, sans-serif; color: #0000C8; margin-top: 0; margin-right: 0; margin-bottom: 0; margin-left: 0; padding-top: 0; padding-right: 0; padding-bottom: 0; padding-left: 0; font-size: 135% !important }
        h2 { text-indent: 0px; text-align: left; font-family: Helvetica, Geneva, Arial, SunSans-Regular, sans-serif; color: #000777; font-size: 120% !important }
        h3 { text-indent: 0px; text-align: left; font-family: Helvetica, Geneva, Arial, SunSans-Regular, sans-serif; color: navy; font-size: 110% !important }
        h4 { text-indent: 0px; text-align: left; font-family: Helvetica, Geneva, Arial, SunSans-Regular, sans-serif }
        h5 { text-indent: 0px; text-align: left; font-family: Helvetica, Geneva, Arial, SunSans-Regular, sans-serif }
        h6 { text-indent: 0px; text-align: left; font-family: Helvetica, Geneva, Arial, SunSans-Regular, sans-serif }
        li { text-align: left; margin-top: 0; margin-bottom: 0 }
        p { line-height: 1.5em; margin-top: 0; margin-right: 0; margin-bottom: 0; margin-left: 0; text-align: justify }
        a:link { color: red }
        a:visited { color: fuchsia }
        address { margin-top: 0; padding-top: 0; border-top-color: border-color; border-top-style: dotted; border-top-width: thin }
        button { font-family: Georgia, Times New Roman, Times, serif; font-size: 1em; color: black }
        input { font-size: 0.70em; background-repeat: repeat; background-attachment: scroll; color: black }
        div.experiment p { display: inline }
        .ArrayPanel { border-top-color: black; border-top-style: solid; border-top-width: 1px; border-right-color: black; border-right-style: solid; border-right-width: 1px; border-bottom-color: black; border-bottom-style: solid; border-bottom-width: 1px; border-left-color: black; border-left-style: solid; border-left-width: 1px; display: table; width: 100% }
        .DataTable { border-top-color: black; border-top-style: solid; border-top-width: 1px; border-right-color: black; border-right-style: solid; border-right-width: 1px; border-bottom-color: black; border-bottom-style: solid; border-bottom-width: 1px; border-left-color: black; border-left-style: solid; border-left-width: 1px; display: table; width: 100% }
        .ArrayPanel thead { float: left; width: 100%; background-repeat: repeat; background-attachment: scroll }
        .ArrayPanel tbody { float: left; width: 100% }
        .ArrayPanel tr { width: 100%; display: table }
        .DataPanel tr { width: 100%; display: table }
        .ArrayPanel th { width: 1%; border-top-color: black; border-top-style: solid; border-top-width: 1px; border-right-color: black; border-right-style: solid; border-right-width: 1px; border-bottom-color: black; border-bottom-style: solid; border-bottom-width: 1px; border-left-color: black; border-left-style: solid; border-left-width: 1px; text-align: center }
        .DataTable th { width: 1%; border-top-color: black; border-top-style: solid; border-top-width: 1px; border-right-color: black; border-right-style: solid; border-right-width: 1px; border-bottom-color: black; border-bottom-style: solid; border-bottom-width: 1px; border-left-color: black; border-left-style: solid; border-left-width: 1px; text-align: center }
        .ArrayPanel td { width: 1%; border-top-color: black; border-top-style: solid; border-top-width: 1px; border-right-color: black; border-right-style: solid; border-right-width: 1px; border-bottom-color: black; border-bottom-style: solid; border-bottom-width: 1px; border-left-color: black; border-left-style: solid; border-left-width: 1px; text-align: right }
        .DataTable td { width: 1%; border-top-color: black; border-top-style: solid; border-top-width: 1px; border-right-color: black; border-right-style: solid; border-right-width: 1px; border-bottom-color: black; border-bottom-style: solid; border-bottom-width: 1px; border-left-color: black; border-left-style: solid; border-left-width: 1px; text-align: right }
        .DataTable thead { background-repeat: repeat; background-attachment: scroll }
        .BoxPanel { background-color: red; background-repeat: repeat; background-attachment: scroll }
        ._TabbedPanel.span { display: table; margin-top: 0; margin-right: 0; margin-bottom: 0; margin-left: 0 }
        ._TabbedPanel.ul { list-style-type: none; margin-top: 0; margin-right: 0; margin-bottom: 0; margin-left: 0; padding-top: 0; padding-right: 0; padding-bottom: 0; padding-left: 0 }
        ._TabbedPanel.li { float: left; text-align: center; margin-top: 0; margin-bottom: 0; border-top-color: #ccc; border-top-style: solid; border-top-width: 1px; border-right-color: #ccc; border-right-style: solid; border-right-width: 1px; border-bottom-color: #ccc; border-bottom-style: solid; border-bottom-width: 1px; border-left-color: #ccc; border-left-style: solid; border-left-width: 1px }
        ._TabbedPanel.a { display: inline-block; color: black; text-align: center; padding-top: 7px; padding-bottom: 7px; padding-right: 8px; padding-left: 8px; text-decoration: none; font-size: 14px }
      -->
    </style>
    
  </head>
  <body>
  </body>
</html>

]]>
</OneHTMLPage>
</Content>
</Osejs.Description.Page>
</Osejs.Description>
<Osejs.Model>
<Osejs.Model.FramesPerSecond>25</Osejs.Model.FramesPerSecond>
<Osejs.Model.StepsPerDisplay>1</Osejs.Model.StepsPerDisplay>
<Osejs.Model.RealTimeVariable></Osejs.Model.RealTimeVariable>
<Osejs.Model.Autostart>false</Osejs.Model.Autostart>
<Osejs.Model.Variables>
<Osejs.Model.Variables.Page>
<Type>VARIABLE_EDITOR</Type>
<Name>Basic Variables</Name>
<Active>true</Active>
<Internal>false</Internal>
<Content>
<PageComment><![CDATA[]]></PageComment>
<Variable>
<Name><![CDATA[time]]></Name>
<Value><![CDATA[0.0]]></Value>
<Type><![CDATA[double]]></Type>
<Dimension><![CDATA[]]></Dimension>
<Domain><![CDATA[public]]></Domain>
<Comment><![CDATA[The time]]></Comment>
</Variable>
<Variable>
<Name><![CDATA[dt]]></Name>
<Value><![CDATA[0.05]]></Value>
<Type><![CDATA[double]]></Type>
<Dimension><![CDATA[]]></Dimension>
<Domain><![CDATA[public]]></Domain>
<Comment><![CDATA[The increment for the time in each evolution step]]></Comment>
</Variable>
<Variable>
<Name><![CDATA[G]]></Name>
<Value><![CDATA[9.81]]></Value>
<Type><![CDATA[double]]></Type>
<Dimension><![CDATA[]]></Dimension>
<Domain><![CDATA[public]]></Domain>
<Comment><![CDATA[The acceleration caused by gravity of a free fall]]></Comment>
</Variable>
<Variable>
<Name><![CDATA[PI]]></Name>
<Value><![CDATA[3.141592654]]></Value>
<Type><![CDATA[double]]></Type>
<Dimension><![CDATA[]]></Dimension>
<Domain><![CDATA[public]]></Domain>
<Comment><![CDATA[]]></Comment>
</Variable>
<Variable>
<Name><![CDATA[fps]]></Name>
<Value><![CDATA[25]]></Value>
<Type><![CDATA[int]]></Type>
<Dimension><![CDATA[]]></Dimension>
<Domain><![CDATA[public]]></Domain>
<Comment><![CDATA[]]></Comment>
</Variable>
</Content>
</Osejs.Model.Variables.Page>
<Osejs.Model.Variables.Page>
<Type>VARIABLE_EDITOR</Type>
<Name>Sheep</Name>
<Active>true</Active>
<Internal>false</Internal>
<Content>
<PageComment><![CDATA[]]></PageComment>
<Variable>
<Name><![CDATA[mass]]></Name>
<Value><![CDATA[10.0]]></Value>
<Type><![CDATA[double]]></Type>
<Dimension><![CDATA[]]></Dimension>
<Domain><![CDATA[public]]></Domain>
<Comment><![CDATA[The x position of the body center]]></Comment>
</Variable>
<Variable>
<Name><![CDATA[x]]></Name>
<Value><![CDATA[0]]></Value>
<Type><![CDATA[double]]></Type>
<Dimension><![CDATA[]]></Dimension>
<Domain><![CDATA[public]]></Domain>
<Comment><![CDATA[The Y position of the body center]]></Comment>
</Variable>
<Variable>
<Name><![CDATA[y]]></Name>
<Value><![CDATA[100.0]]></Value>
<Type><![CDATA[double]]></Type>
<Dimension><![CDATA[]]></Dimension>
<Domain><![CDATA[public]]></Domain>
<Comment><![CDATA[]]></Comment>
</Variable>
<Variable>
<Name><![CDATA[vx]]></Name>
<Value><![CDATA[10.0]]></Value>
<Type><![CDATA[double]]></Type>
<Dimension><![CDATA[]]></Dimension>
<Domain><![CDATA[public]]></Domain>
<Comment><![CDATA[]]></Comment>
</Variable>
<Variable>
<Name><![CDATA[vy]]></Name>
<Value><![CDATA[0.0]]></Value>
<Type><![CDATA[double]]></Type>
<Dimension><![CDATA[]]></Dimension>
<Domain><![CDATA[public]]></Domain>
<Comment><![CDATA[]]></Comment>
</Variable>
<Variable>
<Name><![CDATA[ax]]></Name>
<Value><![CDATA[0.0]]></Value>
<Type><![CDATA[double]]></Type>
<Dimension><![CDATA[]]></Dimension>
<Domain><![CDATA[public]]></Domain>
<Comment><![CDATA[]]></Comment>
</Variable>
<Variable>
<Name><![CDATA[ay]]></Name>
<Value><![CDATA[0.0]]></Value>
<Type><![CDATA[double]]></Type>
<Dimension><![CDATA[]]></Dimension>
<Domain><![CDATA[public]]></Domain>
<Comment><![CDATA[]]></Comment>
</Variable>
<Variable>
<Name><![CDATA[fx]]></Name>
<Value><![CDATA[0.0]]></Value>
<Type><![CDATA[double]]></Type>
<Dimension><![CDATA[]]></Dimension>
<Domain><![CDATA[public]]></Domain>
<Comment><![CDATA[]]></Comment>
</Variable>
<Variable>
<Name><![CDATA[fy]]></Name>
<Value><![CDATA[0.0]]></Value>
<Type><![CDATA[double]]></Type>
<Dimension><![CDATA[]]></Dimension>
<Domain><![CDATA[public]]></Domain>
<Comment><![CDATA[]]></Comment>
</Variable>
<Variable>
<Name><![CDATA[f]]></Name>
<Value><![CDATA[-10.0]]></Value>
<Type><![CDATA[double]]></Type>
<Dimension><![CDATA[]]></Dimension>
<Domain><![CDATA[public]]></Domain>
<Comment><![CDATA[]]></Comment>
</Variable>
<Variable>
<Name><![CDATA[force]]></Name>
<Value><![CDATA[10.0]]></Value>
<Type><![CDATA[double]]></Type>
<Dimension><![CDATA[]]></Dimension>
<Domain><![CDATA[public]]></Domain>
<Comment><![CDATA[]]></Comment>
</Variable>
<Variable>
<Name><![CDATA[dogx]]></Name>
<Value><![CDATA[0.0]]></Value>
<Type><![CDATA[double]]></Type>
<Dimension><![CDATA[]]></Dimension>
<Domain><![CDATA[public]]></Domain>
<Comment><![CDATA[]]></Comment>
</Variable>
<Variable>
<Name><![CDATA[dogy]]></Name>
<Value><![CDATA[0.0]]></Value>
<Type><![CDATA[double]]></Type>
<Dimension><![CDATA[]]></Dimension>
<Domain><![CDATA[public]]></Domain>
<Comment><![CDATA[]]></Comment>
</Variable>
<Variable>
<Name><![CDATA[attractive]]></Name>
<Value><![CDATA[true]]></Value>
<Type><![CDATA[boolean]]></Type>
<Dimension><![CDATA[]]></Dimension>
<Domain><![CDATA[public]]></Domain>
<Comment><![CDATA[]]></Comment>
</Variable>
<Variable>
<Name><![CDATA[distance]]></Name>
<Value><![CDATA[0.0]]></Value>
<Type><![CDATA[double]]></Type>
<Dimension><![CDATA[]]></Dimension>
<Domain><![CDATA[public]]></Domain>
<Comment><![CDATA[]]></Comment>
</Variable>
<Variable>
<Name><![CDATA[dx]]></Name>
<Value><![CDATA[0.0]]></Value>
<Type><![CDATA[double]]></Type>
<Dimension><![CDATA[]]></Dimension>
<Domain><![CDATA[public]]></Domain>
<Comment><![CDATA[distance between dog and sheep]]></Comment>
</Variable>
<Variable>
<Name><![CDATA[dy]]></Name>
<Value><![CDATA[0.0]]></Value>
<Type><![CDATA[double]]></Type>
<Dimension><![CDATA[]]></Dimension>
<Domain><![CDATA[public]]></Domain>
<Comment><![CDATA[distance between dog and sheep]]></Comment>
</Variable>
<Variable>
<Name><![CDATA[fmag]]></Name>
<Value><![CDATA[0]]></Value>
<Type><![CDATA[double]]></Type>
<Dimension><![CDATA[]]></Dimension>
<Domain><![CDATA[public]]></Domain>
<Comment><![CDATA[]]></Comment>
</Variable>
<Variable>
<Name><![CDATA[amag]]></Name>
<Value><![CDATA[0.0]]></Value>
<Type><![CDATA[double]]></Type>
<Dimension><![CDATA[]]></Dimension>
<Domain><![CDATA[public]]></Domain>
<Comment><![CDATA[]]></Comment>
</Variable>
<Variable>
<Name><![CDATA[vmag]]></Name>
<Value><![CDATA[0.0]]></Value>
<Type><![CDATA[double]]></Type>
<Dimension><![CDATA[]]></Dimension>
<Domain><![CDATA[public]]></Domain>
<Comment><![CDATA[]]></Comment>
</Variable>
<Variable>
<Name><![CDATA[]]></Name>
<Value><![CDATA[]]></Value>
<Type><![CDATA[double]]></Type>
<Dimension><![CDATA[]]></Dimension>
<Domain><![CDATA[public]]></Domain>
<Comment><![CDATA[]]></Comment>
</Variable>
</Content>
</Osejs.Model.Variables.Page>
<Osejs.Model.Variables.Page>
<Type>VARIABLE_EDITOR</Type>
<Name>Control</Name>
<Active>true</Active>
<Internal>false</Internal>
<Content>
<PageComment><![CDATA[]]></PageComment>
<Variable>
<Name><![CDATA[label]]></Name>
<Value><![CDATA["Play"]]></Value>
<Type><![CDATA[String]]></Type>
<Dimension><![CDATA[]]></Dimension>
<Domain><![CDATA[public]]></Domain>
<Comment><![CDATA[]]></Comment>
</Variable>
<Variable>
<Name><![CDATA[ymin]]></Name>
<Value><![CDATA[-200]]></Value>
<Type><![CDATA[double]]></Type>
<Dimension><![CDATA[]]></Dimension>
<Domain><![CDATA[public]]></Domain>
<Comment><![CDATA[]]></Comment>
</Variable>
<Variable>
<Name><![CDATA[ymax]]></Name>
<Value><![CDATA[200]]></Value>
<Type><![CDATA[double]]></Type>
<Dimension><![CDATA[]]></Dimension>
<Domain><![CDATA[public]]></Domain>
<Comment><![CDATA[]]></Comment>
</Variable>
<Variable>
<Name><![CDATA[xmin]]></Name>
<Value><![CDATA[-200]]></Value>
<Type><![CDATA[double]]></Type>
<Dimension><![CDATA[]]></Dimension>
<Domain><![CDATA[public]]></Domain>
<Comment><![CDATA[]]></Comment>
</Variable>
<Variable>
<Name><![CDATA[xmax]]></Name>
<Value><![CDATA[200]]></Value>
<Type><![CDATA[double]]></Type>
<Dimension><![CDATA[]]></Dimension>
<Domain><![CDATA[public]]></Domain>
<Comment><![CDATA[]]></Comment>
</Variable>
<Variable>
<Name><![CDATA[showPlot]]></Name>
<Value><![CDATA[false]]></Value>
<Type><![CDATA[boolean]]></Type>
<Dimension><![CDATA[]]></Dimension>
<Domain><![CDATA[public]]></Domain>
<Comment><![CDATA[]]></Comment>
</Variable>
<Variable>
<Name><![CDATA[showF]]></Name>
<Value><![CDATA[false]]></Value>
<Type><![CDATA[boolean]]></Type>
<Dimension><![CDATA[]]></Dimension>
<Domain><![CDATA[public]]></Domain>
<Comment><![CDATA[]]></Comment>
</Variable>
<Variable>
<Name><![CDATA[showA]]></Name>
<Value><![CDATA[false]]></Value>
<Type><![CDATA[boolean]]></Type>
<Dimension><![CDATA[]]></Dimension>
<Domain><![CDATA[public]]></Domain>
<Comment><![CDATA[]]></Comment>
</Variable>
<Variable>
<Name><![CDATA[showV]]></Name>
<Value><![CDATA[false]]></Value>
<Type><![CDATA[boolean]]></Type>
<Dimension><![CDATA[]]></Dimension>
<Domain><![CDATA[public]]></Domain>
<Comment><![CDATA[]]></Comment>
</Variable>
<Variable>
<Name><![CDATA[showFmag]]></Name>
<Value><![CDATA[true]]></Value>
<Type><![CDATA[boolean]]></Type>
<Dimension><![CDATA[]]></Dimension>
<Domain><![CDATA[public]]></Domain>
<Comment><![CDATA[]]></Comment>
</Variable>
<Variable>
<Name><![CDATA[showAmag]]></Name>
<Value><![CDATA[true]]></Value>
<Type><![CDATA[boolean]]></Type>
<Dimension><![CDATA[]]></Dimension>
<Domain><![CDATA[public]]></Domain>
<Comment><![CDATA[]]></Comment>
</Variable>
<Variable>
<Name><![CDATA[showVmag]]></Name>
<Value><![CDATA[true]]></Value>
<Type><![CDATA[boolean]]></Type>
<Dimension><![CDATA[]]></Dimension>
<Domain><![CDATA[public]]></Domain>
<Comment><![CDATA[]]></Comment>
</Variable>
<Variable>
<Name><![CDATA[horizontalOnly]]></Name>
<Value><![CDATA[false]]></Value>
<Type><![CDATA[boolean]]></Type>
<Dimension><![CDATA[]]></Dimension>
<Domain><![CDATA[public]]></Domain>
<Comment><![CDATA[]]></Comment>
</Variable>
<Variable>
<Name><![CDATA[amagScale]]></Name>
<Value><![CDATA[50.0]]></Value>
<Type><![CDATA[double]]></Type>
<Dimension><![CDATA[]]></Dimension>
<Domain><![CDATA[public]]></Domain>
<Comment><![CDATA[]]></Comment>
</Variable>
<Variable>
<Name><![CDATA[vmagScale]]></Name>
<Value><![CDATA[10]]></Value>
<Type><![CDATA[double]]></Type>
<Dimension><![CDATA[]]></Dimension>
<Domain><![CDATA[public]]></Domain>
<Comment><![CDATA[]]></Comment>
</Variable>
<Variable>
<Name><![CDATA[fmagScale]]></Name>
<Value><![CDATA[5.0]]></Value>
<Type><![CDATA[double]]></Type>
<Dimension><![CDATA[]]></Dimension>
<Domain><![CDATA[public]]></Domain>
<Comment><![CDATA[]]></Comment>
</Variable>
<Variable>
<Name><![CDATA[gifString]]></Name>
<Value><![CDATA["./SheepDog/cabbage.gif"]]></Value>
<Type><![CDATA[String]]></Type>
<Dimension><![CDATA[]]></Dimension>
<Domain><![CDATA[public]]></Domain>
<Comment><![CDATA[]]></Comment>
</Variable>
<Variable>
<Name><![CDATA[]]></Name>
<Value><![CDATA[]]></Value>
<Type><![CDATA[double]]></Type>
<Dimension><![CDATA[]]></Dimension>
<Domain><![CDATA[public]]></Domain>
<Comment><![CDATA[]]></Comment>
</Variable>
</Content>
</Osejs.Model.Variables.Page>
</Osejs.Model.Variables>
<Osejs.Model.Initialization>
<Osejs.Model.Initialization.Page>
<Type>CODE_EDITOR</Type>
<Name>Init Page</Name>
<Active>true</Active>
<Internal>false</Internal>
<Content>
<Comment><![CDATA[]]></Comment>
<Code><![CDATA[
/*if (attractive) {
  gifString="./sheepdog/cabbage.gif";
  f=-force;
}
else {
  gifString="./sheepdog/doggy.gif";
  f=force;
}

dx=x-dogx;
dy=y-dogy;
distance=Math.sqrt(dx*dx+dy*dy);


fx= dx/distance * f;
fy= dy/distance * f;

fy=horizontalOnly?0:fy;

ax=fx/mass;
ay=fy/mass;


fmag=Math.sqrt(fx*fx+fy*fy);
amag=Math.sqrt(ax*ax+ay*ay);
vmag=Math.sqrt(vx*vx+vy*vy);


label="Play";

time=0;

*/
]]></Code>
</Content>
</Osejs.Model.Initialization.Page>
</Osejs.Model.Initialization>
<Osejs.Model.Evolution>
<Osejs.Model.Evolution.Page>
<Type>ODE_EDITOR</Type>
<Name>ODE</Name>
<Active>true</Active>
<Internal>false</Internal>
<Content>
<PreliminaryCode>
<Comment><![CDATA[Code to be executed before rate equations are evaluated]]></Comment>
<Code><![CDATA[

]]></Code>
</PreliminaryCode>
<ErrorHandling>
<EquationEditor.ErrorEditor.Page>
<Type>ERROR_EDITOR</Type>
<Name>Error handling code</Name>
<Active>true</Active>
<Internal>false</Internal>
<ErrorHandlingContent>
<Comment><![CDATA[]]></Comment>
<Code><![CDATA[

]]></Code>
<ErrorType>ANY_ERROR</ErrorType>
</ErrorHandlingContent>
</EquationEditor.ErrorEditor.Page>
</ErrorHandling>
<DelayInitialCondition>
<Comment><![CDATA[]]></Comment>
<Code><![CDATA[

]]></Code>
</DelayInitialCondition>
<Discontinuities>
</Discontinuities>
<IndependentVariable>time</IndependentVariable>
<Increment>dt</Increment>
<Rate state="vx">ax</Rate>
<Rate state="vy">ay</Rate>
<Rate state="x">vx</Rate>
<Rate state="y">vy</Rate>
<Method>MidPoint</Method>
<Tolerance></Tolerance>
<InternalStep></InternalStep>
<MemoryLength></MemoryLength>
<MaximumStep></MaximumStep>
<MaximumNumberOfSteps>10000</MaximumNumberOfSteps>
<AbsoluteTolerance></AbsoluteTolerance>
<RelativeTolerance></RelativeTolerance>
<EstimateFirstStep>false</EstimateFirstStep>
<AccelerationIndependentOfVelocity>false</AccelerationIndependentOfVelocity>
<ForceSynchronization>false</ForceSynchronization>
<UseBestInterpolation>false</UseBestInterpolation>
<EventMaximumStep></EventMaximumStep>
<DelayList><![CDATA[]]></DelayList>
<DelayMaximum><![CDATA[]]></DelayMaximum>
<DelayAddDiscont><![CDATA[]]></DelayAddDiscont>
<DirectIncidenceMatrix><![CDATA[]]></DirectIncidenceMatrix>
<Comment><![CDATA[]]></Comment>
</Content>
</Osejs.Model.Evolution.Page>
<Osejs.Model.Evolution.Page>
<Type>EVOLUTION_EDITOR</Type>
<Name>Sheep</Name>
<Active>true</Active>
<Internal>false</Internal>
<Content>
<Comment><![CDATA[]]></Comment>
<Code><![CDATA[

if (attractive) {
  gifString="./SheepDog/cabbage.gif";
  f=-force;
}
else {
  gifString="./SheepDog/doggy.gif";
  f=force;
}

dx=x-dogx;
dy=y-dogy;
distance=Math.sqrt(dx*dx+dy*dy);


fx= dx/distance * f;
fy= dy/distance * f;

fy=horizontalOnly?0:fy;

ax=fx/mass;
ay=fy/mass;


]]></Code>
</Content>
</Osejs.Model.Evolution.Page>
</Osejs.Model.Evolution>
<Osejs.Model.Constraints>
<Osejs.Model.Constraints.Page>
<Type>CODE_EDITOR</Type>
<Name>Compute derived variables</Name>
<Active>true</Active>
<Internal>false</Internal>
<Content>
<Comment><![CDATA[]]></Comment>
<Code><![CDATA[

fmag=Math.sqrt(fx*fx+fy*fy);
amag=Math.sqrt(ax*ax+ay*ay);
vmag=Math.sqrt(vx*vx+vy*vy);

]]></Code>
</Content>
</Osejs.Model.Constraints.Page>
</Osejs.Model.Constraints>
<Osejs.Model.Library>
<Osejs.Model.Library.Page>
<Type>LIBRARY_EDITOR</Type>
<Name>playpause</Name>
<Active>true</Active>
<Internal>false</Internal>
<Content>
<Comment><![CDATA[]]></Comment>
<Code><![CDATA[

public void playpause () {
 if(label=="Play"){
  label="Pause";
  _play();
 }else{
  label="Play";
  _pause();
 }
}

/*public double distance() {
  double dx,dy;

  dx=dogx-x;
  dy=dogy-y;
  return (Math.sqrt(dx*dx+dy*dy));
}*/
]]></Code>
</Content>
</Osejs.Model.Library.Page>
<Osejs.Model.Library.Page>
<Type>LIBRARY_EDITOR</Type>
<Name>Set FPS</Name>
<Active>true</Active>
<Internal>false</Internal>
<Content>
<Comment><![CDATA[]]></Comment>
<Code><![CDATA[
public void fpsSet () {
  _setFPS(fps);
}
]]></Code>
</Content>
</Osejs.Model.Library.Page>
<Osejs.Model.Library.Page>
<Type>LIBRARY_EDITOR</Type>
<Name>Sheep and Dog</Name>
<Active>true</Active>
<Internal>false</Internal>
<Content>
<Comment><![CDATA[]]></Comment>
<Code><![CDATA[
public void clearTrace() {
  _view.getElement("Trace").reset();
}
]]></Code>
</Content>
</Osejs.Model.Library.Page>
</Osejs.Model.Library>
<Osejs.Model.Elements>
</Osejs.Model.Elements>
</Osejs.Model>
<Osejs.View>
<Osejs.View.Creation>
<Osejs.View.Creation.Element>
<Expanded>true</Expanded>
<Type>Elements.Frame</Type>
<Property name="name">Sheep_and_Dog</Property>
<Property name="_ejs_mainWindow">true</Property>
<Property name="title"><![CDATA["Sheep"]]></Property>
<Property name="layout"><![CDATA[hbox]]></Property>
<Property name="visible"><![CDATA[true]]></Property>
<Property name="location"><![CDATA["155,346"]]></Property>
<Property name="size"><![CDATA["789,530"]]></Property>
<Property name="background"><![CDATA[NULL]]></Property>
</Osejs.View.Creation.Element>
<Osejs.View.Creation.Element>
<Expanded>false</Expanded>
<Type>Elements.SplitPanel</Type>
<Property name="name">SplitPanel</Property>
<Property name="parent">Sheep_and_Dog</Property>
<Property name="orientation"><![CDATA[HORIZONTAL]]></Property>
<Property name="background"><![CDATA[WHITE]]></Property>
</Osejs.View.Creation.Element>
<Osejs.View.Creation.Element>
<Expanded>false</Expanded>
<Type>Elements.Panel</Type>
<Property name="name">panelWest</Property>
<Property name="parent">SplitPanel</Property>
<Property name="position">south</Property>
<Property name="layout"><![CDATA[grid:0,1,0,0]]></Property>
</Osejs.View.Creation.Element>
<Osejs.View.Creation.Element>
<Expanded>false</Expanded>
<Type>Elements.Panel</Type>
<Property name="name">panelBillBoard</Property>
<Property name="parent">panelWest</Property>
<Property name="position">center</Property>
<Property name="layout"><![CDATA[grid:0,1,0,0]]></Property>
<Property name="background"><![CDATA[WHITE]]></Property>
</Osejs.View.Creation.Element>
<Osejs.View.Creation.Element>
<Type>Elements.Label</Type>
<Property name="name">Label</Property>
<Property name="parent">panelBillBoard</Property>
<Property name="text"><![CDATA[Created by Hwa Chong Institution Physics Department]]></Property>
<Property name="alignment"><![CDATA[CENTER]]></Property>
<Property name="background"><![CDATA[RED]]></Property>
<Property name="foreground"><![CDATA[WHITE]]></Property>
</Osejs.View.Creation.Element>
<Osejs.View.Creation.Element>
<Type>Elements.Label</Type>
<Property name="name">Label2</Property>
<Property name="parent">panelBillBoard</Property>
<Property name="text"><![CDATA[using Easy Java Simulation]]></Property>
<Property name="alignment"><![CDATA[CENTER]]></Property>
<Property name="background"><![CDATA[red]]></Property>
<Property name="foreground"><![CDATA[WHITE]]></Property>
</Osejs.View.Creation.Element>
<Osejs.View.Creation.Element>
<Type>Elements.Label</Type>
<Property name="name">Label3</Property>
<Property name="parent">panelBillBoard</Property>
<Property name="text"><![CDATA[http://fem.um.es/Ejs]]></Property>
<Property name="alignment"><![CDATA[CENTER]]></Property>
<Property name="background"><![CDATA[red]]></Property>
<Property name="foreground"><![CDATA[WHITE]]></Property>
</Osejs.View.Creation.Element>
<Osejs.View.Creation.Element>
<Type>Elements.Label</Type>
<Property name="name">Label4</Property>
<Property name="parent">panelWest</Property>
<Property name="text"><![CDATA[Sheep]]></Property>
<Property name="alignment"><![CDATA[LEFT]]></Property>
<Property name="visible"><![CDATA[true]]></Property>
<Property name="size"><![CDATA["0,5"]]></Property>
<Property name="background"><![CDATA[blue]]></Property>
<Property name="foreground"><![CDATA[WHITE]]></Property>
</Osejs.View.Creation.Element>
<Osejs.View.Creation.Element>
<Expanded>false</Expanded>
<Type>Elements.Panel</Type>
<Property name="name">Sheep1</Property>
<Property name="parent">panelWest</Property>
<Property name="layout"><![CDATA[grid:0,1,0,0]]></Property>
<Property name="size"><![CDATA[0,5]]></Property>
<Property name="border"><![CDATA[10,5,10,5]]></Property>
</Osejs.View.Creation.Element>
<Osejs.View.Creation.Element>
<Type>Elements.Field</Type>
<Property name="name">mass</Property>
<Property name="parent">Sheep1</Property>
<Property name="variable"><![CDATA[mass]]></Property>
<Property name="format"><![CDATA[mass=0.0kg]]></Property>
<Property name="size"><![CDATA[0,10]]></Property>
<Property name="background"><![CDATA[WHITE]]></Property>
</Osejs.View.Creation.Element>
<Osejs.View.Creation.Element>
<Type>Elements.Field</Type>
<Property name="name">x</Property>
<Property name="parent">Sheep1</Property>
<Property name="variable"><![CDATA[x]]></Property>
<Property name="format"><![CDATA[x=0.0m]]></Property>
<Property name="background"><![CDATA[WHITE]]></Property>
</Osejs.View.Creation.Element>
<Osejs.View.Creation.Element>
<Type>Elements.Field</Type>
<Property name="name">y</Property>
<Property name="parent">Sheep1</Property>
<Property name="variable"><![CDATA[y]]></Property>
<Property name="format"><![CDATA[y=0.0m]]></Property>
<Property name="background"><![CDATA[WHITE]]></Property>
</Osejs.View.Creation.Element>
<Osejs.View.Creation.Element>
<Expanded>false</Expanded>
<Type>Elements.Panel</Type>
<Property name="name">Sheep2</Property>
<Property name="parent">panelWest</Property>
<Property name="layout"><![CDATA[grid:0,3,0,0]]></Property>
<Property name="border"><![CDATA[10,5,10,5]]></Property>
</Osejs.View.Creation.Element>
<Osejs.View.Creation.Element>
<Type>Elements.Field</Type>
<Property name="name">fmag</Property>
<Property name="parent">Sheep2</Property>
<Property name="variable"><![CDATA[fmag]]></Property>
<Property name="format"><![CDATA[fmag=0.0N]]></Property>
<Property name="editable"><![CDATA[false]]></Property>
<Property name="background"><![CDATA[WHITE]]></Property>
</Osejs.View.Creation.Element>
<Osejs.View.Creation.Element>
<Type>Elements.Field</Type>
<Property name="name">fmagScale</Property>
<Property name="parent">Sheep2</Property>
<Property name="variable"><![CDATA[fmagScale]]></Property>
<Property name="format"><![CDATA[scale=0]]></Property>
<Property name="background"><![CDATA[WHITE]]></Property>
</Osejs.View.Creation.Element>
<Osejs.View.Creation.Element>
<Type>Elements.CheckBox</Type>
<Property name="name">CheckBox</Property>
<Property name="parent">Sheep2</Property>
<Property name="variable"><![CDATA[showFmag]]></Property>
<Property name="selected"><![CDATA[true]]></Property>
<Property name="text"><![CDATA[show]]></Property>
<Property name="background"><![CDATA[WHITE]]></Property>
</Osejs.View.Creation.Element>
<Osejs.View.Creation.Element>
<Type>Elements.Field</Type>
<Property name="name">amag</Property>
<Property name="parent">Sheep2</Property>
<Property name="variable"><![CDATA[amag]]></Property>
<Property name="format"><![CDATA[amag=0.0m/s2]]></Property>
<Property name="editable"><![CDATA[false]]></Property>
<Property name="background"><![CDATA[WHITE]]></Property>
</Osejs.View.Creation.Element>
<Osejs.View.Creation.Element>
<Type>Elements.Field</Type>
<Property name="name">amagScale</Property>
<Property name="parent">Sheep2</Property>
<Property name="variable"><![CDATA[amagScale]]></Property>
<Property name="format"><![CDATA[scale=0]]></Property>
<Property name="background"><![CDATA[WHITE]]></Property>
</Osejs.View.Creation.Element>
<Osejs.View.Creation.Element>
<Type>Elements.CheckBox</Type>
<Property name="name">CheckBox2</Property>
<Property name="parent">Sheep2</Property>
<Property name="variable"><![CDATA[showAmag]]></Property>
<Property name="selected"><![CDATA[true]]></Property>
<Property name="text"><![CDATA[show]]></Property>
<Property name="background"><![CDATA[WHITE]]></Property>
</Osejs.View.Creation.Element>
<Osejs.View.Creation.Element>
<Type>Elements.Field</Type>
<Property name="name">vmag</Property>
<Property name="parent">Sheep2</Property>
<Property name="variable"><![CDATA[vmag]]></Property>
<Property name="format"><![CDATA[vmag=0.0m/s]]></Property>
<Property name="editable"><![CDATA[false]]></Property>
<Property name="background"><![CDATA[WHITE]]></Property>
</Osejs.View.Creation.Element>
<Osejs.View.Creation.Element>
<Type>Elements.Field</Type>
<Property name="name">vmagScale</Property>
<Property name="parent">Sheep2</Property>
<Property name="variable"><![CDATA[vmagScale]]></Property>
<Property name="format"><![CDATA[scale=0]]></Property>
<Property name="background"><![CDATA[WHITE]]></Property>
</Osejs.View.Creation.Element>
<Osejs.View.Creation.Element>
<Type>Elements.CheckBox</Type>
<Property name="name">CheckBox3</Property>
<Property name="parent">Sheep2</Property>
<Property name="variable"><![CDATA[showVmag]]></Property>
<Property name="selected"><![CDATA[true]]></Property>
<Property name="text"><![CDATA[show]]></Property>
<Property name="background"><![CDATA[WHITE]]></Property>
</Osejs.View.Creation.Element>
<Osejs.View.Creation.Element>
<Expanded>false</Expanded>
<Type>Elements.Panel</Type>
<Property name="name">Sheep3</Property>
<Property name="parent">panelWest</Property>
<Property name="layout"><![CDATA[grid:0,3,0,0]]></Property>
<Property name="border"><![CDATA[10,5,10,5]]></Property>
</Osejs.View.Creation.Element>
<Osejs.View.Creation.Element>
<Type>Elements.Field</Type>
<Property name="name">fx2</Property>
<Property name="parent">Sheep3</Property>
<Property name="variable"><![CDATA[fx]]></Property>
<Property name="format"><![CDATA[fx=0.0N]]></Property>
<Property name="background"><![CDATA[WHITE]]></Property>
</Osejs.View.Creation.Element>
<Osejs.View.Creation.Element>
<Type>Elements.Field</Type>
<Property name="name">fy3</Property>
<Property name="parent">Sheep3</Property>
<Property name="variable"><![CDATA[fy]]></Property>
<Property name="format"><![CDATA[fy=0.0N]]></Property>
<Property name="background"><![CDATA[WHITE]]></Property>
</Osejs.View.Creation.Element>
<Osejs.View.Creation.Element>
<Type>Elements.CheckBox</Type>
<Property name="name">checkF</Property>
<Property name="parent">Sheep3</Property>
<Property name="position">east</Property>
<Property name="variable"><![CDATA[showF]]></Property>
<Property name="selected"><![CDATA[false]]></Property>
<Property name="text"><![CDATA[Show Force]]></Property>
<Property name="size"><![CDATA[0,10]]></Property>
<Property name="background"><![CDATA[WHITE]]></Property>
</Osejs.View.Creation.Element>
<Osejs.View.Creation.Element>
<Type>Elements.Field</Type>
<Property name="name">ax2</Property>
<Property name="parent">Sheep3</Property>
<Property name="variable"><![CDATA[ax]]></Property>
<Property name="format"><![CDATA[ax=0.0m/s2]]></Property>
<Property name="background"><![CDATA[WHITE]]></Property>
</Osejs.View.Creation.Element>
<Osejs.View.Creation.Element>
<Type>Elements.Field</Type>
<Property name="name">ay2</Property>
<Property name="parent">Sheep3</Property>
<Property name="variable"><![CDATA[ay]]></Property>
<Property name="format"><![CDATA[ay=0.0m/s2]]></Property>
<Property name="background"><![CDATA[WHITE]]></Property>
</Osejs.View.Creation.Element>
<Osejs.View.Creation.Element>
<Type>Elements.CheckBox</Type>
<Property name="name">checka</Property>
<Property name="parent">Sheep3</Property>
<Property name="position">east</Property>
<Property name="variable"><![CDATA[showA]]></Property>
<Property name="selected"><![CDATA[false]]></Property>
<Property name="text"><![CDATA[Show Acceleration]]></Property>
<Property name="size"><![CDATA[0,10]]></Property>
<Property name="background"><![CDATA[WHITE]]></Property>
</Osejs.View.Creation.Element>
<Osejs.View.Creation.Element>
<Type>Elements.Field</Type>
<Property name="name">vx2</Property>
<Property name="parent">Sheep3</Property>
<Property name="variable"><![CDATA[vx]]></Property>
<Property name="format"><![CDATA[vx=0.0m/s]]></Property>
<Property name="background"><![CDATA[WHITE]]></Property>
</Osejs.View.Creation.Element>
<Osejs.View.Creation.Element>
<Type>Elements.Field</Type>
<Property name="name">vy2</Property>
<Property name="parent">Sheep3</Property>
<Property name="variable"><![CDATA[vy]]></Property>
<Property name="format"><![CDATA[vy=0.0m/s]]></Property>
<Property name="background"><![CDATA[WHITE]]></Property>
</Osejs.View.Creation.Element>
<Osejs.View.Creation.Element>
<Type>Elements.CheckBox</Type>
<Property name="name">checkv</Property>
<Property name="parent">Sheep3</Property>
<Property name="position">east</Property>
<Property name="variable"><![CDATA[showV]]></Property>
<Property name="selected"><![CDATA[false]]></Property>
<Property name="text"><![CDATA[Show Velocity]]></Property>
<Property name="size"><![CDATA[0,10]]></Property>
<Property name="background"><![CDATA[WHITE]]></Property>
</Osejs.View.Creation.Element>
<Osejs.View.Creation.Element>
<Type>Elements.Label</Type>
<Property name="name">Label5</Property>
<Property name="parent">panelWest</Property>
<Property name="text"><![CDATA["Doggy/Cabbage"]]></Property>
<Property name="alignment"><![CDATA[LEFT]]></Property>
<Property name="visible"><![CDATA[true]]></Property>
<Property name="size"><![CDATA[0,10]]></Property>
<Property name="background"><![CDATA[blue]]></Property>
<Property name="foreground"><![CDATA[WHITE]]></Property>
</Osejs.View.Creation.Element>
<Osejs.View.Creation.Element>
<Expanded>false</Expanded>
<Type>Elements.Panel</Type>
<Property name="name">DogOptions</Property>
<Property name="parent">panelWest</Property>
<Property name="layout"><![CDATA[grid:0,1,0,0]]></Property>
</Osejs.View.Creation.Element>
<Osejs.View.Creation.Element>
<Type>Elements.Field</Type>
<Property name="name">force</Property>
<Property name="parent">DogOptions</Property>
<Property name="position">center</Property>
<Property name="variable"><![CDATA[force]]></Property>
<Property name="format"><![CDATA[force=0.0N]]></Property>
</Osejs.View.Creation.Element>
<Osejs.View.Creation.Element>
<Type>Elements.CheckBox</Type>
<Property name="name">checkAttractive</Property>
<Property name="parent">DogOptions</Property>
<Property name="position">east</Property>
<Property name="variable"><![CDATA[attractive]]></Property>
<Property name="selected"><![CDATA[true]]></Property>
<Property name="text"><![CDATA[Attractive]]></Property>
<Property name="size"><![CDATA[0,10]]></Property>
<Property name="background"><![CDATA[WHITE]]></Property>
</Osejs.View.Creation.Element>
<Osejs.View.Creation.Element>
<Expanded>false</Expanded>
<Type>Elements.Panel</Type>
<Property name="name">Panel</Property>
<Property name="parent">panelWest</Property>
<Property name="layout"><![CDATA[grid:0,1,0,0]]></Property>
<Property name="background"><![CDATA[WHITE]]></Property>
</Osejs.View.Creation.Element>
<Osejs.View.Creation.Element>
<Type>Elements.CheckBox</Type>
<Property name="name">checkPlot</Property>
<Property name="parent">Panel</Property>
<Property name="position">east</Property>
<Property name="variable"><![CDATA[showPlot]]></Property>
<Property name="selected"><![CDATA[false]]></Property>
<Property name="text"><![CDATA[Show Plot]]></Property>
<Property name="size"><![CDATA[0,10]]></Property>
<Property name="background"><![CDATA[WHITE]]></Property>
</Osejs.View.Creation.Element>
<Osejs.View.Creation.Element>
<Type>Elements.CheckBox</Type>
<Property name="name">checkHorizontal</Property>
<Property name="parent">Panel</Property>
<Property name="position">east</Property>
<Property name="variable"><![CDATA[horizontalOnly]]></Property>
<Property name="selected"><![CDATA[false]]></Property>
<Property name="text"><![CDATA[Horizontal Only]]></Property>
<Property name="size"><![CDATA[0,10]]></Property>
<Property name="background"><![CDATA[WHITE]]></Property>
</Osejs.View.Creation.Element>
<Osejs.View.Creation.Element>
<Expanded>false</Expanded>
<Type>Elements.Panel</Type>
<Property name="name">PanelEast</Property>
<Property name="parent">SplitPanel</Property>
<Property name="layout"><![CDATA[vbox]]></Property>
</Osejs.View.Creation.Element>
<Osejs.View.Creation.Element>
<Expanded>false</Expanded>
<Type>Elements.DrawingPanel</Type>
<Property name="name">DrawingPanel</Property>
<Property name="parent">PanelEast</Property>
<Property name="autoscaleX"><![CDATA[false]]></Property>
<Property name="autoscaleY"><![CDATA[false]]></Property>
<Property name="minimumX"><![CDATA[xmin]]></Property>
<Property name="maximumX"><![CDATA[xmax]]></Property>
<Property name="minimumY"><![CDATA[ymin]]></Property>
<Property name="maximumY"><![CDATA[ymax]]></Property>
<Property name="square"><![CDATA[true]]></Property>
<Property name="gutters"><![CDATA[10,10,10,10]]></Property>
<Property name="background"><![CDATA[white]]></Property>
</Osejs.View.Creation.Element>
<Osejs.View.Creation.Element>
<Type>Elements.Image</Type>
<Property name="name">Dog</Property>
<Property name="parent">DrawingPanel</Property>
<Property name="x"><![CDATA[dogx]]></Property>
<Property name="y"><![CDATA[dogy]]></Property>
<Property name="z"><![CDATA[0.0]]></Property>
<Property name="sizex"><![CDATA[50]]></Property>
<Property name="sizey"><![CDATA[50]]></Property>
<Property name="enabled"><![CDATA[true]]></Property>
<Property name="image"><![CDATA[%gifString%]]></Property>
</Osejs.View.Creation.Element>
<Osejs.View.Creation.Element>
<Type>Elements.Image</Type>
<Property name="name">Sheep</Property>
<Property name="parent">DrawingPanel</Property>
<Property name="x"><![CDATA[x]]></Property>
<Property name="y"><![CDATA[y]]></Property>
<Property name="sizex"><![CDATA[50]]></Property>
<Property name="sizey"><![CDATA[50]]></Property>
<Property name="enabled"><![CDATA[true]]></Property>
<Property name="image"><![CDATA["./SheepDog/sheep.gif"]]></Property>
</Osejs.View.Creation.Element>
<Osejs.View.Creation.Element>
<Type>Elements.Arrow</Type>
<Property name="name">vx</Property>
<Property name="parent">DrawingPanel</Property>
<Property name="x"><![CDATA[x]]></Property>
<Property name="y"><![CDATA[y]]></Property>
<Property name="sizex"><![CDATA[vx]]></Property>
<Property name="sizey"><![CDATA[0]]></Property>
<Property name="scalex"><![CDATA[vmagScale]]></Property>
<Property name="scaley"><![CDATA[vmagScale]]></Property>
<Property name="visible"><![CDATA[showV]]></Property>
<Property name="enabledSecondary"><![CDATA[false]]></Property>
<Property name="enabled"><![CDATA[false]]></Property>
</Osejs.View.Creation.Element>
<Osejs.View.Creation.Element>
<Type>Elements.Arrow</Type>
<Property name="name">vy</Property>
<Property name="parent">DrawingPanel</Property>
<Property name="x"><![CDATA[x]]></Property>
<Property name="y"><![CDATA[y]]></Property>
<Property name="sizex"><![CDATA[0]]></Property>
<Property name="sizey"><![CDATA[vy]]></Property>
<Property name="scalex"><![CDATA[vmagScale]]></Property>
<Property name="scaley"><![CDATA[vmagScale]]></Property>
<Property name="visible"><![CDATA[showV]]></Property>
<Property name="enabledSecondary"><![CDATA[false]]></Property>
<Property name="enabled"><![CDATA[false]]></Property>
</Osejs.View.Creation.Element>
<Osejs.View.Creation.Element>
<Type>Elements.Arrow</Type>
<Property name="name">v</Property>
<Property name="parent">DrawingPanel</Property>
<Property name="x"><![CDATA[x]]></Property>
<Property name="y"><![CDATA[y]]></Property>
<Property name="sizex"><![CDATA[vx]]></Property>
<Property name="sizey"><![CDATA[vy]]></Property>
<Property name="scalex"><![CDATA[vmagScale]]></Property>
<Property name="scaley"><![CDATA[vmagScale]]></Property>
<Property name="visible"><![CDATA[showVmag]]></Property>
<Property name="enabledSecondary"><![CDATA[false]]></Property>
<Property name="enabled"><![CDATA[false]]></Property>
<Property name="stroke"><![CDATA[3]]></Property>
</Osejs.View.Creation.Element>
<Osejs.View.Creation.Element>
<Type>Elements.Arrow</Type>
<Property name="name">ax</Property>
<Property name="parent">DrawingPanel</Property>
<Property name="x"><![CDATA[x]]></Property>
<Property name="y"><![CDATA[y]]></Property>
<Property name="sizex"><![CDATA[ax]]></Property>
<Property name="sizey"><![CDATA[0]]></Property>
<Property name="scalex"><![CDATA[amagScale]]></Property>
<Property name="scaley"><![CDATA[amagScale]]></Property>
<Property name="visible"><![CDATA[showA]]></Property>
<Property name="enabledSecondary"><![CDATA[false]]></Property>
<Property name="enabled"><![CDATA[false]]></Property>
</Osejs.View.Creation.Element>
<Osejs.View.Creation.Element>
<Type>Elements.Arrow</Type>
<Property name="name">ay</Property>
<Property name="parent">DrawingPanel</Property>
<Property name="x"><![CDATA[x]]></Property>
<Property name="y"><![CDATA[y]]></Property>
<Property name="sizex"><![CDATA[0]]></Property>
<Property name="sizey"><![CDATA[-ay]]></Property>
<Property name="scalex"><![CDATA[amagScale]]></Property>
<Property name="scaley"><![CDATA[amagScale]]></Property>
<Property name="visible"><![CDATA[showA]]></Property>
<Property name="enabledSecondary"><![CDATA[false]]></Property>
<Property name="enabled"><![CDATA[false]]></Property>
</Osejs.View.Creation.Element>
<Osejs.View.Creation.Element>
<Type>Elements.Arrow</Type>
<Property name="name">a</Property>
<Property name="parent">DrawingPanel</Property>
<Property name="x"><![CDATA[x]]></Property>
<Property name="y"><![CDATA[y]]></Property>
<Property name="sizex"><![CDATA[ax]]></Property>
<Property name="sizey"><![CDATA[ay]]></Property>
<Property name="scalex"><![CDATA[amagScale]]></Property>
<Property name="scaley"><![CDATA[amagScale]]></Property>
<Property name="visible"><![CDATA[showAmag]]></Property>
<Property name="enabled"><![CDATA[true]]></Property>
</Osejs.View.Creation.Element>
<Osejs.View.Creation.Element>
<Type>Elements.Arrow</Type>
<Property name="name">fx</Property>
<Property name="parent">DrawingPanel</Property>
<Property name="x"><![CDATA[x]]></Property>
<Property name="y"><![CDATA[y]]></Property>
<Property name="sizex"><![CDATA[fx]]></Property>
<Property name="sizey"><![CDATA[0]]></Property>
<Property name="scalex"><![CDATA[fmagScale]]></Property>
<Property name="scaley"><![CDATA[fmagScale]]></Property>
<Property name="visible"><![CDATA[showF]]></Property>
</Osejs.View.Creation.Element>
<Osejs.View.Creation.Element>
<Type>Elements.Arrow</Type>
<Property name="name">fy</Property>
<Property name="parent">DrawingPanel</Property>
<Property name="x"><![CDATA[x]]></Property>
<Property name="y"><![CDATA[y]]></Property>
<Property name="sizex"><![CDATA[0]]></Property>
<Property name="sizey"><![CDATA[fy]]></Property>
<Property name="scalex"><![CDATA[fmagScale]]></Property>
<Property name="scaley"><![CDATA[fmagScale]]></Property>
<Property name="visible"><![CDATA[showF]]></Property>
</Osejs.View.Creation.Element>
<Osejs.View.Creation.Element>
<Type>Elements.Arrow</Type>
<Property name="name">f</Property>
<Property name="parent">DrawingPanel</Property>
<Property name="x"><![CDATA[x]]></Property>
<Property name="y"><![CDATA[y]]></Property>
<Property name="sizex"><![CDATA[fx]]></Property>
<Property name="sizey"><![CDATA[fy]]></Property>
<Property name="scalex"><![CDATA[fmagScale]]></Property>
<Property name="scaley"><![CDATA[fmagScale]]></Property>
<Property name="visible"><![CDATA[showFmag]]></Property>
<Property name="color"><![CDATA[blue]]></Property>
<Property name="stroke"><![CDATA[3]]></Property>
</Osejs.View.Creation.Element>
<Osejs.View.Creation.Element>
<Type>Elements.Trace</Type>
<Property name="name">Trace</Property>
<Property name="parent">DrawingPanel</Property>
<Property name="x"><![CDATA[x]]></Property>
<Property name="y"><![CDATA[y]]></Property>
<Property name="norepeat"><![CDATA[true]]></Property>
<Property name="connected"><![CDATA[true]]></Property>
</Osejs.View.Creation.Element>
<Osejs.View.Creation.Element>
<Expanded>false</Expanded>
<Type>Elements.Panel</Type>
<Property name="name">panelButtons</Property>
<Property name="parent">PanelEast</Property>
<Property name="position">south</Property>
<Property name="layout"><![CDATA[grid:0,4,0,0]]></Property>
<Property name="border"><![CDATA[8,2,2,2]]></Property>
<Property name="background"><![CDATA[NULL]]></Property>
</Osejs.View.Creation.Element>
<Osejs.View.Creation.Element>
<Type>Elements.Button</Type>
<Property name="name">buttonPlayPause</Property>
<Property name="parent">panelButtons</Property>
<Property name="position">center</Property>
<Property name="text"><![CDATA[%label%]]></Property>
<Property name="enabled"><![CDATA[true]]></Property>
<Property name="action"><![CDATA[playpause()]]></Property>
<Property name="background"><![CDATA[WHITE]]></Property>
</Osejs.View.Creation.Element>
<Osejs.View.Creation.Element>
<Type>Elements.Button</Type>
<Property name="name">buttonStep</Property>
<Property name="parent">panelButtons</Property>
<Property name="text"><![CDATA[Step]]></Property>
<Property name="enabled"><![CDATA[label=="Play"]]></Property>
<Property name="action"><![CDATA[_step()]]></Property>
<Property name="background"><![CDATA[WHITE]]></Property>
</Osejs.View.Creation.Element>
<Osejs.View.Creation.Element>
<Type>Elements.Button</Type>
<Property name="name">buttonReset</Property>
<Property name="parent">panelButtons</Property>
<Property name="text"><![CDATA[Reset]]></Property>
<Property name="action"><![CDATA[_reset()]]></Property>
<Property name="background"><![CDATA[WHITE]]></Property>
</Osejs.View.Creation.Element>
<Osejs.View.Creation.Element>
<Type>Elements.Button</Type>
<Property name="name">buttonInit</Property>
<Property name="parent">panelButtons</Property>
<Property name="text"><![CDATA[Init]]></Property>
<Property name="enabled"><![CDATA[_isPaused]]></Property>
<Property name="action"><![CDATA[_initialize()]]></Property>
<Property name="background"><![CDATA[WHITE]]></Property>
</Osejs.View.Creation.Element>
<Osejs.View.Creation.Element>
<Type>Elements.Button</Type>
<Property name="name">ClearTrace</Property>
<Property name="parent">panelButtons</Property>
<Property name="text"><![CDATA[ClearTrace]]></Property>
<Property name="action"><![CDATA[clearTrace();]]></Property>
<Property name="size"><![CDATA[0,10]]></Property>
<Property name="background"><![CDATA[WHITE]]></Property>
</Osejs.View.Creation.Element>
<Osejs.View.Creation.Element>
<Type>Elements.Field</Type>
<Property name="name">fps</Property>
<Property name="parent">panelButtons</Property>
<Property name="variable"><![CDATA[fps]]></Property>
<Property name="format"><![CDATA[fps=0]]></Property>
<Property name="action"><![CDATA[fpsSet ();]]></Property>
<Property name="size"><![CDATA[0,10]]></Property>
<Property name="background"><![CDATA[WHITE]]></Property>
</Osejs.View.Creation.Element>
<Osejs.View.Creation.Element>
<Type>Elements.Field</Type>
<Property name="name">dt</Property>
<Property name="parent">panelButtons</Property>
<Property name="variable"><![CDATA[dt]]></Property>
<Property name="format"><![CDATA[dt=0.00]]></Property>
<Property name="size"><![CDATA[0,10]]></Property>
<Property name="background"><![CDATA[WHITE]]></Property>
</Osejs.View.Creation.Element>
</Osejs.View.Creation>
</Osejs.View>
<Osejs.HtmlView>
</Osejs.HtmlView>
</Osejs>
