<!-- This XML file has been created by Easy Java(script) Simulations (EjsS). Visit http://www.um.es/fem/Ejs. -->
<!-- Please, save the file to your hard disk on your Ejs' user directory and open it with Ejs. -->
<Osejs version="5.2" password="">
<Osejs.Information>
<Title><![CDATA[]]></Title>
<Copyright><![CDATA[]]></Copyright>
<Keywords><![CDATA[]]></Keywords>
<Password><![CDATA[]]></Password>
<Level><![CDATA[]]></Level>
<Language><![CDATA[]]></Language>
<Abstract><![CDATA[]]></Abstract>
<ExecPassword><![CDATA[]]></ExecPassword>
<CaptureTools>false</CaptureTools>
<DataTools>false</DataTools>
<LanguageTools>false</LanguageTools>
<AppletColSupport>false</AppletColSupport>
<UseMacMenuBar>false</UseMacMenuBar>
<FixedNavigationBar>false</FixedNavigationBar>
<RunInBrowserFirst>false</RunInBrowserFirst>
<RunAlways>true</RunAlways>
<UseInterpreter>true</UseInterpreter>
<UseDeltaForODE>false</UseDeltaForODE>
<ModelTab></ModelTab>
<ModelTabTitle><![CDATA[]]></ModelTabTitle>
<ModelName><![CDATA[]]></ModelName>
<CSSFile></CSSFile>
<Logo></Logo>
<Author><![CDATA[Author name]]></Author>
<AuthorLogo></AuthorLogo>
<AdditionalLibraries>
</AdditionalLibraries>
<ImportStatements>
</ImportStatements>
<ClassesRequired>
</ClassesRequired>
<ManifestLines><![CDATA[Permissions: sandbox
Codebase: *
Caller-Allowable-Codebase: *
]]></ManifestLines>
<DetectedFiles><![CDATA[]]></DetectedFiles>
<AuxiliaryFiles><![CDATA[]]></AuxiliaryFiles>
</Osejs.Information>
<Osejs.Description>
</Osejs.Description>
<Osejs.Model>
<Osejs.Model.FramesPerSecond>20</Osejs.Model.FramesPerSecond>
<Osejs.Model.StepsPerDisplay>1</Osejs.Model.StepsPerDisplay>
<Osejs.Model.RealTimeVariable></Osejs.Model.RealTimeVariable>
<Osejs.Model.Autostart>true</Osejs.Model.Autostart>
<Osejs.Model.Variables>
<Osejs.Model.Variables.Page>
<Type>VARIABLE_EDITOR</Type>
<Name>Variables</Name>
<Active>true</Active>
<Internal>false</Internal>
<Content>
<PageComment><![CDATA[]]></PageComment>
<Variable>
<Name><![CDATA[R]]></Name>
<Value><![CDATA[42]]></Value>
<Type><![CDATA[double]]></Type>
<Dimension><![CDATA[]]></Dimension>
<Comment><![CDATA[]]></Comment>
</Variable>
<Variable>
<Name><![CDATA[]]></Name>
<Value><![CDATA[]]></Value>
<Type><![CDATA[double]]></Type>
<Dimension><![CDATA[]]></Dimension>
<Comment><![CDATA[]]></Comment>
</Variable>
</Content>
</Osejs.Model.Variables.Page>
<Osejs.Model.Variables.Page>
<Type>VARIABLE_EDITOR</Type>
<Name>Focus Camera Variables</Name>
<Active>true</Active>
<Internal>false</Internal>
<Content>
<PageComment><![CDATA[]]></PageComment>
<Variable>
<Name><![CDATA[drawingPanel3DMinMax]]></Name>
<Value><![CDATA[0.6*R]]></Value>
<Type><![CDATA[double]]></Type>
<Dimension><![CDATA[]]></Dimension>
<Comment><![CDATA[]]></Comment>
</Variable>
<Variable>
<Name><![CDATA[]]></Name>
<Value><![CDATA[]]></Value>
<Type><![CDATA[double]]></Type>
<Dimension><![CDATA[]]></Dimension>
<Comment><![CDATA[]]></Comment>
</Variable>
<Variable>
<Name><![CDATA[xFocus]]></Name>
<Value><![CDATA[]]></Value>
<Type><![CDATA[double]]></Type>
<Dimension><![CDATA[]]></Dimension>
<Comment><![CDATA[]]></Comment>
</Variable>
<Variable>
<Name><![CDATA[yFocus]]></Name>
<Value><![CDATA[]]></Value>
<Type><![CDATA[double]]></Type>
<Dimension><![CDATA[]]></Dimension>
<Comment><![CDATA[]]></Comment>
</Variable>
<Variable>
<Name><![CDATA[zFocus]]></Name>
<Value><![CDATA[]]></Value>
<Type><![CDATA[double]]></Type>
<Dimension><![CDATA[]]></Dimension>
<Comment><![CDATA[]]></Comment>
</Variable>
<Variable>
<Name><![CDATA[cameraAzimuthDegrees]]></Name>
<Value><![CDATA[]]></Value>
<Type><![CDATA[double]]></Type>
<Dimension><![CDATA[]]></Dimension>
<Comment><![CDATA[]]></Comment>
</Variable>
<Variable>
<Name><![CDATA[cameraAzimuthRad]]></Name>
<Value><![CDATA[]]></Value>
<Type><![CDATA[double]]></Type>
<Dimension><![CDATA[]]></Dimension>
<Comment><![CDATA[]]></Comment>
</Variable>
<Variable>
<Name><![CDATA[cameraElevationDegrees]]></Name>
<Value><![CDATA[]]></Value>
<Type><![CDATA[double]]></Type>
<Dimension><![CDATA[]]></Dimension>
<Comment><![CDATA[]]></Comment>
</Variable>
<Variable>
<Name><![CDATA[cameraElevationRad]]></Name>
<Value><![CDATA[]]></Value>
<Type><![CDATA[double]]></Type>
<Dimension><![CDATA[]]></Dimension>
<Comment><![CDATA[]]></Comment>
</Variable>
<Variable>
<Name><![CDATA[distanceCameraFocus]]></Name>
<Value><![CDATA[]]></Value>
<Type><![CDATA[double]]></Type>
<Dimension><![CDATA[]]></Dimension>
<Comment><![CDATA[]]></Comment>
</Variable>
<Variable>
<Name><![CDATA[xCamera]]></Name>
<Value><![CDATA[]]></Value>
<Type><![CDATA[double]]></Type>
<Dimension><![CDATA[]]></Dimension>
<Comment><![CDATA[]]></Comment>
</Variable>
<Variable>
<Name><![CDATA[yCamera]]></Name>
<Value><![CDATA[]]></Value>
<Type><![CDATA[double]]></Type>
<Dimension><![CDATA[]]></Dimension>
<Comment><![CDATA[]]></Comment>
</Variable>
<Variable>
<Name><![CDATA[zCamera]]></Name>
<Value><![CDATA[]]></Value>
<Type><![CDATA[double]]></Type>
<Dimension><![CDATA[]]></Dimension>
<Comment><![CDATA[]]></Comment>
</Variable>
<Variable>
<Name><![CDATA[screenAt]]></Name>
<Value><![CDATA[]]></Value>
<Type><![CDATA[double]]></Type>
<Dimension><![CDATA[]]></Dimension>
<Comment><![CDATA[]]></Comment>
</Variable>
<Variable>
<Name><![CDATA[]]></Name>
<Value><![CDATA[]]></Value>
<Type><![CDATA[double]]></Type>
<Dimension><![CDATA[]]></Dimension>
<Comment><![CDATA[]]></Comment>
</Variable>
</Content>
</Osejs.Model.Variables.Page>
</Osejs.Model.Variables>
<Osejs.Model.Initialization>
<Osejs.Model.Initialization.Page>
<Type>CODE_EDITOR</Type>
<Name>Camera Focus setup</Name>
<Active>true</Active>
<Internal>false</Internal>
<Content>
<Comment><![CDATA[]]></Comment>
<Code><![CDATA[
//drawingPanel3DMinMax = 0.5;

distanceCameraFocus = 10.0 * R;
cameraElevationDegrees = 30.0;

xCamera = Math.cos(cameraAzimuthRad) * Math.cos(cameraElevationRad)* distanceCameraFocus;
yCamera = Math.sin(cameraAzimuthRad) * Math.cos(cameraElevationRad)* distanceCameraFocus;
zCamera = Math.sin(cameraElevationRad) * distanceCameraFocus;

screenAt = distanceCameraFocus;
]]></Code>
</Content>
</Osejs.Model.Initialization.Page>
</Osejs.Model.Initialization>
<Osejs.Model.Evolution>
</Osejs.Model.Evolution>
<Osejs.Model.Constraints>
</Osejs.Model.Constraints>
<Osejs.Model.Library>
</Osejs.Model.Library>
<Osejs.Model.Elements>
</Osejs.Model.Elements>
</Osejs.Model>
<Osejs.View>
<Osejs.View.Creation>
<Osejs.View.Creation.Element>
<Expanded>true</Expanded>
<Type>Elements.Frame</Type>
<Property name="name">drawingFrame</Property>
<Property name="_ejs_mainWindow">true</Property>
<Property name="title"><![CDATA["Frame"]]></Property>
<Property name="layout"><![CDATA[border]]></Property>
<Property name="visible"><![CDATA[true]]></Property>
<Property name="location"><![CDATA["158,313"]]></Property>
<Property name="size"><![CDATA["477,488"]]></Property>
</Osejs.View.Creation.Element>
<Osejs.View.Creation.Element>
<Expanded>true</Expanded>
<Type>Elements.Display3DPanel</Type>
<Property name="name">drawingPanel3D</Property>
<Property name="parent">drawingFrame</Property>
<Property name="position">center</Property>
<Property name="minimumX"><![CDATA[-drawingPanel3DMinMax]]></Property>
<Property name="maximumX"><![CDATA[drawingPanel3DMinMax]]></Property>
<Property name="minimumY"><![CDATA[-drawingPanel3DMinMax]]></Property>
<Property name="maximumY"><![CDATA[drawingPanel3DMinMax]]></Property>
<Property name="minimumZ"><![CDATA[-drawingPanel3DMinMax]]></Property>
<Property name="maximumZ"><![CDATA[drawingPanel3DMinMax]]></Property>
<Property name="cameraX"><![CDATA[xCamera]]></Property>
<Property name="cameraY"><![CDATA[yCamera]]></Property>
<Property name="cameraZ"><![CDATA[zCamera]]></Property>
<Property name="cameraFocusX"><![CDATA[xFocus]]></Property>
<Property name="cameraFocusY"><![CDATA[yFocus]]></Property>
<Property name="cameraFocusZ"><![CDATA[zFocus]]></Property>
<Property name="cameraRotation"><![CDATA[0.0]]></Property>
<Property name="cameraDistanceToScreen"><![CDATA[screenAt]]></Property>
<Property name="background"><![CDATA[WHITE]]></Property>
</Osejs.View.Creation.Element>
<Osejs.View.Creation.Element>
<Type>Elements.Sphere3D</Type>
<Property name="name">sphere3D</Property>
<Property name="parent">drawingPanel3D</Property>
<Property name="x"><![CDATA[0.0]]></Property>
<Property name="y"><![CDATA[0.0]]></Property>
<Property name="z"><![CDATA[0.0]]></Property>
<Property name="radius"><![CDATA[R]]></Property>
<Property name="lineColor"><![CDATA["0,128,255"]]></Property>
<Property name="fillColor"><![CDATA[WHITE]]></Property>
<Property name="resolution"><![CDATA["0,24,12"]]></Property>
</Osejs.View.Creation.Element>
</Osejs.View.Creation>
</Osejs.View>
<Osejs.HtmlView>
</Osejs.HtmlView>
</Osejs>
